{"0":[-0.054129005273399096,-0.05412900527339908,0.036307407076925195,-0.7059738478473602,-0.04001157527007075,0.4709064389538052,0.5274913513526511,1.0,0.11999999731779099],"1":[-0.07654997337540577,0.0,0.036307407076925195,-0.6675465554730983,0.23319861979866421,0.23319861979866427,0.667546555473098,1.0,0.11999999731779099],"10":[0.07654997337540577,-9.37466798690058e-18,0.036307407076925195,-0.2331986197986642,0.6675465554730982,0.6675465554730982,0.23319861979866427,1.0,0.11999999731779099],"11":[0.0541290052733991,0.05412900527339908,0.036307407076925195,-0.4709064389538052,0.5274913513526512,0.7059738478473601,-0.04001157527007075,1.0,0.11999999731779099],"12":[0.0541290052733991,0.05412900527339908,0.036307407076925195,-0.040011575270070786,0.7059738478473602,-0.5274913513526511,0.47090643895380513,1.0,0.11999999731779099],"13":[1.4062001980350868e-17,0.07654997337540577,0.036307407076925195,-0.30713037070977056,0.6369230215557286,-0.30713037070977056,0.6369230215557283,1.0,0.11999999731779099],"14":[-0.05412900527339907,0.0541290052733991,0.036307407076925195,0.70597384784736,-0.04001157527007085,-0.4709064389538053,0.5274913513526512,1.0,0.11999999731779099],"15":[-0.05412900527339907,0.0541290052733991,0.036307407076925195,-0.5274913513526512,0.4709064389538053,-0.04001157527007082,0.70597384784736,1.0,0.11999999731779099],"2":[-4.68733399345029e-18,-0.07654997337540577,0.036307407076925195,0.30713037070977056,0.6369230215557286,0.30713037070977056,0.6369230215557284,1.0,0.11999999731779099],"3":[-4.68733399345029e-18,-0.07654997337540577,0.036307407076925195,0.6369230215557284,0.3071303707097706,-0.6369230215557286,-0.30713037070977056,1.0,0.11999999731779099],"4":[0.07654997337540577,-9.37466798690058e-18,0.036307407076925195,0.23319861979866427,0.6675465554730982,-0.6675465554730982,0.23319861979866421,1.0,0.11999999731779099],"5":[1.4062001980350868e-17,0.07654997337540577,0.036307407076925195,-0.6369230215557286,0.3071303707097706,0.6369230215557284,-0.30713037070977056,1.0,0.11999999731779099],"6":[-0.07654997337540577,0.0,0.036307407076925195,0.6675465554730982,0.23319861979866421,-0.23319861979866421,0.6675465554730982,1.0,0.11999999731779099],"7":[-0.054129005273399096,-0.05412900527339908,0.036307407076925195,0.5274913513526512,0.4709064389538052,0.04001157527007077,0.7059738478473601,1.0,0.11999999731779099],"8":[0.05412900527339908,-0.054129005273399096,0.036307407076925195,0.0400115752700708,0.70597384784736,0.5274913513526513,0.4709064389538053,1.0,0.11999999731779099],"9":[0.05412900527339908,-0.054129005273399096,0.036307407076925195,-0.4709064389538053,-0.5274913513526513,0.70597384784736,0.04001157527007076,1.0,0.11999999731779099]}