{"0":[1.0143965482711792e-05,0.00012035155668854713,0.023777328431606293,0.0,0.7071067811865475,0.0,0.7071067811865476,0.5,0.11999999731779099],"1":[1.0143965482711792e-05,0.00012035155668854713,0.023777328431606293,0.7071067811865476,4.329780281177466e-17,-0.7071067811865475,4.329780281177466e-17,0.5,0.11999999731779099],"10":[-0.02792597934603691,0.00012035155668854713,-5.128048360347748e-05,-0.7071067811865476,0.0,0.0,0.7071067811865475,0.5,0.11999999731779099],"11":[0.027946267277002335,0.00012035155668854713,-5.128048360347748e-05,0.0,0.0,1.0,6.123233995736766e-17,0.5,0.11999999731779099],"12":[0.027946267277002335,0.00012035155668854713,-5.128048360347748e-05,6.123233995736766e-17,1.0,6.123233995736766e-17,3.749399456654644e-33,0.5,0.11999999731779099],"13":[1.0143965482710748e-05,-0.025905128419399265,-5.128048360347748e-05,0.0,0.0,0.7071067811865475,0.7071067811865476,0.5,0.11999999731779099],"14":[1.0143965482710748e-05,-0.025905128419399265,-5.128048360347748e-05,0.5,0.5,0.5,0.5,0.5,0.11999999731779099],"15":[1.0143965482710748e-05,0.02614583153277636,-5.128048360347748e-05,0.0,0.0,-0.7071067811865475,0.7071067811865476,0.5,0.11999999731779099],"16":[1.0143965482710748e-05,0.02614583153277636,-5.128048360347748e-05,0.5,-0.5,-0.5,0.5,0.5,0.11999999731779099],"17":[0.027946267277002335,0.00012035155668854713,-5.128048360347748e-05,4.329780281177466e-17,0.7071067811865475,0.7071067811865476,4.329780281177466e-17,0.5,0.11999999731779099],"18":[1.0143965482710748e-05,-0.025905128419399265,-5.128048360347748e-05,0.7071067811865476,0.7071067811865475,4.329780281177466e-17,4.329780281177466e-17,0.5,0.11999999731779099],"19":[1.0143965482710748e-05,-0.025905128419399265,-5.128048360347748e-05,0.5,0.5000000000000001,-0.5,-0.5,0.5,0.11999999731779099],"2":[1.0143965482711792e-05,0.00012035155668854713,0.023777328431606293,0.5,0.5,-0.5,0.5,0.5,0.11999999731779099],"3":[1.0143965482711792e-05,0.00012035155668854713,0.023777328431606293,0.5,-0.5,-0.5000000000000001,-0.5,0.5,0.11999999731779099],"4":[1.0143965482710748e-05,0.02614583153277636,-5.128048360347748e-05,0.5,-0.5000000000000001,0.5,-0.5,0.5,0.11999999731779099],"5":[1.0143965482710748e-05,0.02614583153277636,-5.128048360347748e-05,0.7071067811865476,-0.7071067811865475,-4.329780281177466e-17,4.329780281177466e-17,0.5,0.11999999731779099],"6":[0.027946267277002335,0.00012035155668854713,-5.128048360347748e-05,4.329780281177467e-17,0.7071067811865476,-0.7071067811865475,-4.329780281177466e-17,0.5,0.11999999731779099],"7":[-0.02792597934603691,0.00012035155668854713,-5.128048360347748e-05,0.0,0.0,0.0,1.0,0.5,0.11999999731779099],"8":[-0.02792597934603691,0.00012035155668854713,-5.128048360347748e-05,1.0,0.0,0.0,6.123233995736766e-17,0.5,0.11999999731779099],"9":[-0.02792597934603691,0.00012035155668854713,-5.128048360347748e-05,0.7071067811865475,0.0,0.0,0.7071067811865476,0.5,0.11999999731779099]}