{"0":[-8.525801636655471e-19,8.525801636655476e-19,0.019691072255373004,0.27059805007309856,0.6532814824381883,-0.27059805007309856,0.6532814824381883,0.5,0.11999999731779099],"1":[-1.20573043046609e-18,0.0,0.019691072255373004,0.0,0.7071067811865475,0.0,0.7071067811865476,0.5,0.11999999731779099],"10":[1.20573043046609e-18,-1.4765939123048576e-34,0.019691072255373004,2.6512257811776557e-33,0.7071067811865476,2.6512257811776557e-33,0.7071067811865475,0.5,0.11999999731779099],"11":[8.525801636655476e-19,8.525801636655472e-19,0.019691072255373004,-0.6532814824381883,-0.27059805007309845,0.6532814824381883,-0.27059805007309845,0.5,0.11999999731779099],"12":[8.525801636655476e-19,8.525801636655472e-19,0.019691072255373004,-0.2705980500730985,0.6532814824381883,0.2705980500730985,0.6532814824381883,0.5,0.11999999731779099],"13":[2.2148908684572863e-34,1.20573043046609e-18,0.019691072255373004,-0.5000000000000001,-0.5,0.5,-0.5,0.5,0.11999999731779099],"14":[2.2148908684572863e-34,1.20573043046609e-18,0.019691072255373004,-0.5,0.5,0.5,0.5,0.5,0.11999999731779099],"15":[-8.525801636655471e-19,8.525801636655476e-19,0.019691072255373004,0.6532814824381883,-0.2705980500730985,-0.6532814824381883,-0.2705980500730985,0.5,0.11999999731779099],"16":[-0.014692933596932866,-0.014736822295667371,1.900284223472126e-21,-0.6532814824381884,-0.2705980500730985,0.27059805007309845,0.6532814824381882,0.5,0.11999999731779099],"17":[0.014736822295667371,-0.014692933596932866,1.900284223472126e-21,0.27059805007309856,0.6532814824381883,-0.6532814824381883,-0.2705980500730985,0.5,0.11999999731779099],"18":[0.01469293359693287,0.014736822295667371,1.900284223472126e-21,-0.27059805007309845,0.6532814824381883,0.6532814824381883,-0.27059805007309845,0.5,0.11999999731779099],"19":[0.014736822295667371,-0.014692933596932866,1.900284223472126e-21,0.2705980500730985,0.6532814824381883,0.6532814824381883,0.2705980500730985,0.5,0.11999999731779099],"2":[-1.20573043046609e-18,0.0,0.019691072255373004,0.7071067811865476,4.329780281177466e-17,-0.7071067811865475,4.329780281177466e-17,0.5,0.11999999731779099],"20":[-0.01471487794630012,-0.014714877946300118,3.103399649262428e-05,0.9238795325112867,0.3826834323650898,2.343260202663149e-17,5.657130561438503e-17,0.5,0.11999999731779099],"21":[0.020809979960322383,3.1033996492621735e-05,1.900284223472126e-21,4.329780281177467e-17,0.7071067811865476,-0.7071067811865475,-4.329780281177466e-17,0.5,0.11999999731779099],"22":[3.822731302309405e-18,0.020809979960322383,3.103399649262428e-05,-0.7071067811865475,0.7071067811865476,4.329780281177467e-17,-4.329780281177466e-17,0.5,0.11999999731779099],"23":[-0.014714877946300116,0.014714877946300123,3.103399649262428e-05,0.9238795325112867,-0.3826834323650899,-2.34326020266315e-17,5.657130561438501e-17,0.5,0.11999999731779099],"24":[-0.020809979960322383,0.0,3.103399649262428e-05,0.0,0.0,0.0,1.0,0.5,0.11999999731779099],"25":[-0.020809979960322383,0.0,3.103399649262428e-05,1.0,0.0,0.0,6.123233995736766e-17,0.5,0.11999999731779099],"26":[-0.020809979960322383,-3.103399649262428e-05,1.900284223472126e-21,0.7071067811865475,0.0,0.0,0.7071067811865476,0.5,0.11999999731779099],"27":[-0.020809979960322383,-3.103399649262428e-05,1.900284223472126e-21,-0.7071067811865476,0.0,0.0,0.7071067811865475,0.5,0.11999999731779099],"28":[-0.01471487794630012,-0.014714877946300118,3.103399649262428e-05,0.0,0.0,0.3826834323650898,0.9238795325112867,0.5,0.11999999731779099],"29":[-1.2742437674364687e-18,-0.020809979960322383,3.103399649262428e-05,0.0,0.0,0.7071067811865475,0.7071067811865476,0.5,0.11999999731779099],"3":[-8.525801636655475e-19,-8.525801636655472e-19,0.019691072255373004,-0.27059805007309845,0.6532814824381883,0.27059805007309845,0.6532814824381883,0.5,0.11999999731779099],"30":[3.103399649262301e-05,-0.020809979960322383,1.900284223472126e-21,0.5,0.5,0.5,0.5,0.5,0.11999999731779099],"31":[0.014714877946300118,-0.01471487794630012,3.103399649262428e-05,0.0,0.0,0.9238795325112867,0.38268343236508984,0.5,0.11999999731779099],"32":[0.020809979960322383,-2.5484875348729374e-18,3.103399649262428e-05,0.0,0.0,1.0,6.123233995736766e-17,0.5,0.11999999731779099],"33":[0.020809979960322383,-2.5484875348729374e-18,3.103399649262428e-05,6.123233995736766e-17,1.0,6.123233995736766e-17,3.749399456654644e-33,0.5,0.11999999731779099],"34":[0.014714877946300123,0.014714877946300118,3.103399649262428e-05,0.0,0.0,0.9238795325112868,-0.38268343236508967,0.5,0.11999999731779099],"35":[3.822731302309405e-18,0.020809979960322383,3.103399649262428e-05,0.0,0.0,-0.7071067811865476,0.7071067811865475,0.5,0.11999999731779099],"36":[-0.014714877946300116,0.014714877946300123,3.103399649262428e-05,0.0,0.0,-0.3826834323650899,0.9238795325112867,0.5,0.11999999731779099],"37":[0.014714877946300118,-0.01471487794630012,3.103399649262428e-05,0.38268343236508984,0.9238795325112867,5.657130561438503e-17,2.3432602026631496e-17,0.5,0.11999999731779099],"38":[0.014714877946300123,0.014714877946300118,3.103399649262428e-05,-0.38268343236508967,0.9238795325112868,5.657130561438501e-17,-2.3432602026631484e-17,0.5,0.11999999731779099],"39":[-1.2742437674364687e-18,-0.020809979960322383,3.103399649262428e-05,0.7071067811865476,0.7071067811865475,4.329780281177466e-17,4.329780281177466e-17,0.5,0.11999999731779099],"4":[-8.525801636655475e-19,-8.525801636655472e-19,0.019691072255373004,0.6532814824381883,0.2705980500730985,-0.6532814824381883,0.2705980500730985,0.5,0.11999999731779099],"40":[0.020809979960322383,3.1033996492621735e-05,1.900284223472126e-21,4.329780281177466e-17,0.7071067811865475,0.7071067811865476,4.329780281177466e-17,0.5,0.11999999731779099],"41":[-3.103399649262046e-05,0.020809979960322383,1.900284223472126e-21,-0.5,0.5000000000000001,-0.5,0.4999999999999999,0.5,0.11999999731779099],"42":[-0.014692933596932866,-0.014736822295667371,1.900284223472126e-21,0.6532814824381883,0.27059805007309845,0.27059805007309845,0.6532814824381883,0.5,0.11999999731779099],"43":[-0.01473682229566737,0.01469293359693287,1.900284223472126e-21,0.6532814824381883,-0.27059805007309856,-0.27059805007309856,0.6532814824381883,0.5,0.11999999731779099],"44":[0.01469293359693287,0.014736822295667371,1.900284223472126e-21,-0.2705980500730985,0.6532814824381883,-0.6532814824381883,0.27059805007309845,0.5,0.11999999731779099],"45":[-0.01473682229566737,0.01469293359693287,1.900284223472126e-21,-0.6532814824381884,0.2705980500730986,-0.27059805007309856,0.6532814824381882,0.5,0.11999999731779099],"46":[3.103399649262301e-05,-0.020809979960322383,1.900284223472126e-21,0.5,0.5000000000000001,-0.5,-0.5,0.5,0.11999999731779099],"47":[-3.103399649262046e-05,0.020809979960322383,1.900284223472126e-21,-0.5,0.5000000000000001,0.5,-0.5,0.5,0.11999999731779099],"5":[-7.382969561524288e-35,-1.20573043046609e-18,0.019691072255373004,-0.5,0.5,0.5,0.5,0.5,0.11999999731779099],"6":[-7.382969561524288e-35,-1.20573043046609e-18,0.019691072255373004,0.5,0.5,-0.49999999999999994,0.5,0.5,0.11999999731779099],"7":[8.525801636655472e-19,-8.525801636655475e-19,0.019691072255373004,-0.6532814824381883,0.2705980500730985,0.6532814824381883,0.2705980500730985,0.5,0.11999999731779099],"8":[8.525801636655472e-19,-8.525801636655475e-19,0.019691072255373004,0.27059805007309845,0.6532814824381883,-0.27059805007309845,0.6532814824381883,0.5,0.11999999731779099],"9":[1.20573043046609e-18,-1.4765939123048576e-34,0.019691072255373004,-0.7071067811865475,4.329780281177466e-17,0.7071067811865476,4.329780281177466e-17,0.5,0.11999999731779099]}