{"0":[0.00012125074863433838,-7.640384137630463e-05,0.0345589742064476,0.0,0.7071067811865475,0.0,0.7071067811865476,1.0,0.11999999731779099],"1":[0.00012125074863433838,-7.640384137630463e-05,0.0345589742064476,0.7071067811865476,4.329780281177466e-17,-0.7071067811865475,4.329780281177466e-17,1.0,0.11999999731779099],"10":[-0.05318305641412735,-7.640384137630463e-05,-8.674338459968567e-06,0.0,0.0,0.0,1.0,1.0,0.11999999731779099],"11":[-0.05318305641412735,-7.640384137630463e-05,-8.674338459968567e-06,1.0,0.0,0.0,6.123233995736766e-17,1.0,0.11999999731779099],"12":[-0.05318305641412735,-7.640384137630463e-05,-8.674338459968567e-06,0.7071067811865475,0.0,0.0,0.7071067811865476,1.0,0.11999999731779099],"13":[-0.05318305641412735,-7.640384137630463e-05,-8.674338459968567e-06,-0.7071067811865476,0.0,0.0,0.7071067811865475,1.0,0.11999999731779099],"14":[0.05342555791139603,-7.640384137630463e-05,-8.674338459968567e-06,0.0,0.0,1.0,6.123233995736766e-17,1.0,0.11999999731779099],"15":[0.05342555791139603,-7.640384137630463e-05,-8.674338459968567e-06,6.123233995736766e-17,1.0,6.123233995736766e-17,3.749399456654644e-33,1.0,0.11999999731779099],"16":[0.00012125074863433838,-0.03976580873131752,-8.674338459968567e-06,0.5,0.5,0.5,0.5,1.0,0.11999999731779099],"17":[-0.024878749251365663,-0.03976580873131752,-8.674338459970098e-06,0.5,0.5,0.5,0.5,1.0,0.11999999731779099],"18":[0.02512125074863434,-0.03976580873131752,-8.674338459967035e-06,0.5,0.5,0.5,0.5,1.0,0.11999999731779099],"19":[0.00012125074863433838,0.03961300104856491,-8.674338459968567e-06,0.5,-0.5,-0.5,0.5,1.0,0.11999999731779099],"2":[-0.024878749251365663,-7.640384137630463e-05,0.0345589742064476,0.0,0.7071067811865475,0.0,0.7071067811865476,1.0,0.11999999731779099],"20":[0.02512125074863434,0.03961300104856491,-8.674338459970098e-06,0.5,-0.5,-0.5,0.5,1.0,0.11999999731779099],"21":[-0.024878749251365663,0.03961300104856491,-8.674338459967035e-06,0.5,-0.5,-0.5,0.5,1.0,0.11999999731779099],"22":[0.05342555791139603,-7.640384137630463e-05,-8.674338459968567e-06,4.329780281177466e-17,0.7071067811865475,0.7071067811865476,4.329780281177466e-17,1.0,0.11999999731779099],"23":[0.00012125074863433838,-0.03976580873131752,-8.674338459968567e-06,0.5,0.5000000000000001,-0.5,-0.5,1.0,0.11999999731779099],"24":[-0.024878749251365663,-0.03976580873131752,-8.674338459970098e-06,0.5,0.5000000000000001,-0.5,-0.5,1.0,0.11999999731779099],"25":[0.02512125074863434,-0.03976580873131752,-8.674338459967035e-06,0.5,0.5000000000000001,-0.5,-0.5,1.0,0.11999999731779099],"3":[-0.024878749251365663,-7.640384137630463e-05,0.0345589742064476,0.7071067811865476,4.329780281177466e-17,-0.7071067811865475,4.329780281177466e-17,1.0,0.11999999731779099],"4":[0.02512125074863434,-7.640384137630463e-05,0.0345589742064476,0.0,0.7071067811865475,0.0,0.7071067811865476,1.0,0.11999999731779099],"5":[0.02512125074863434,-7.640384137630463e-05,0.0345589742064476,0.7071067811865476,4.329780281177466e-17,-0.7071067811865475,4.329780281177466e-17,1.0,0.11999999731779099],"6":[0.00012125074863433838,0.03961300104856491,-8.674338459968567e-06,0.5,-0.5000000000000001,0.5,-0.5,1.0,0.11999999731779099],"7":[0.02512125074863434,0.03961300104856491,-8.674338459970098e-06,0.5,-0.5000000000000001,0.5,-0.5,1.0,0.11999999731779099],"8":[-0.024878749251365663,0.03961300104856491,-8.674338459967035e-06,0.5,-0.5000000000000001,0.5,-0.5,1.0,0.11999999731779099],"9":[0.05342555791139603,-7.640384137630463e-05,-8.674338459968567e-06,4.329780281177467e-17,0.7071067811865476,-0.7071067811865475,-4.329780281177466e-17,1.0,0.11999999731779099]}