{"0":[-0.0696233441463833,-0.0696233441463833,0.030935223844926397,-0.7023865627496222,-0.08156663820932754,0.4389859785381629,0.5543386245309734,1.0,0.11999999731779099],"1":[-0.0984622775495847,0.0,0.030935223844926397,0.6801347703117573,0.19343395310279207,-0.19343395310279207,0.6801347703117573,1.0,0.11999999731779099],"10":[0.0984622775495847,-1.2058151303785719e-17,0.030935223844926397,-0.19343395310279202,0.6801347703117573,0.6801347703117573,0.1934339531027921,1.0,0.11999999731779099],"11":[0.06962334414638331,0.0696233441463833,0.030935223844926397,-0.4389859785381629,0.5543386245309735,0.702386562749622,-0.08156663820932754,1.0,0.11999999731779099],"12":[0.06962334414638331,0.0696233441463833,0.030935223844926397,-0.08156663820932757,0.7023865627496221,-0.5543386245309734,0.43898597853816285,1.0,0.11999999731779099],"13":[1.8087226955678578e-17,0.0984622775495847,0.030935223844926397,-0.6177063681589033,0.34414944825749366,0.6177063681589035,-0.3441494482574936,1.0,0.11999999731779099],"14":[-0.06962334414638328,0.06962334414638331,0.030935223844926397,0.702386562749622,-0.08156663820932764,-0.438985978538163,0.5543386245309734,1.0,0.11999999731779099],"15":[-0.06962334414638328,0.06962334414638331,0.030935223844926397,-0.5543386245309734,0.43898597853816296,-0.08156663820932755,0.702386562749622,1.0,0.11999999731779099],"2":[0.0984622775495847,-1.2058151303785719e-17,0.030935223844926397,0.1934339531027921,0.6801347703117573,-0.6801347703117573,0.19343395310279207,1.0,0.11999999731779099],"3":[1.8087226955678578e-17,0.0984622775495847,0.030935223844926397,-0.3441494482574936,0.6177063681589035,-0.3441494482574936,0.6177063681589033,1.0,0.11999999731779099],"4":[-0.0984622775495847,0.0,0.030935223844926397,-0.6801347703117573,0.19343395310279202,0.19343395310279207,0.6801347703117573,1.0,0.11999999731779099],"5":[-0.0696233441463833,-0.0696233441463833,0.030935223844926397,0.5543386245309735,0.4389859785381629,0.08156663820932755,0.702386562749622,1.0,0.11999999731779099],"6":[-6.0290756518928594e-18,-0.0984622775495847,0.030935223844926397,0.34414944825749366,0.6177063681589035,0.34414944825749366,0.6177063681589033,1.0,0.11999999731779099],"7":[-6.0290756518928594e-18,-0.0984622775495847,0.030935223844926397,0.6177063681589033,0.3441494482574937,-0.6177063681589035,-0.34414944825749366,1.0,0.11999999731779099],"8":[0.0696233441463833,-0.0696233441463833,0.030935223844926397,0.08156663820932754,0.702386562749622,0.5543386245309734,0.4389859785381629,1.0,0.11999999731779099],"9":[0.0696233441463833,-0.0696233441463833,0.030935223844926397,-0.4389859785381629,-0.5543386245309734,0.702386562749622,0.0815666382093275,1.0,0.11999999731779099]}