{"0":[-8.599066778654071e-19,8.599066778654076e-19,0.0198602844029665,0.27059805007309856,0.6532814824381883,-0.27059805007309856,0.6532814824381883,0.5,0.11999999731779099],"1":[-1.2160916862124513e-18,0.0,0.0198602844029665,0.0,0.7071067811865475,0.0,0.7071067811865476,0.5,0.11999999731779099],"10":[1.2160916862124513e-18,-1.489282790989786e-34,0.0198602844029665,2.6512257811776557e-33,0.7071067811865476,2.6512257811776557e-33,0.7071067811865475,0.5,0.11999999731779099],"11":[8.599066778654076e-19,8.599066778654072e-19,0.0198602844029665,-0.6532814824381883,-0.27059805007309845,0.6532814824381883,-0.27059805007309845,0.5,0.11999999731779099],"12":[8.599066778654076e-19,8.599066778654072e-19,0.0198602844029665,-0.2705980500730985,0.6532814824381883,0.2705980500730985,0.6532814824381883,0.5,0.11999999731779099],"13":[2.2339241864846786e-34,1.2160916862124513e-18,0.0198602844029665,-0.5000000000000001,-0.5,0.5,-0.5,0.5,0.11999999731779099],"14":[2.2339241864846786e-34,1.2160916862124513e-18,0.0198602844029665,-0.5,0.5,0.5,0.5,0.5,0.11999999731779099],"15":[-8.599066778654071e-19,8.599066778654076e-19,0.0198602844029665,0.6532814824381883,-0.2705980500730985,-0.6532814824381883,-0.2705980500730985,0.5,0.11999999731779099],"16":[-0.013985785975450108,-0.013940046108103659,-1.9804357570032254e-21,-0.6532814824381884,-0.2705980500730985,0.27059805007309845,0.6532814824381882,0.5,0.11999999731779099],"17":[0.013940046108103659,-0.013985785975450108,-1.9804357570032254e-21,0.27059805007309856,0.6532814824381883,-0.6532814824381883,-0.2705980500730985,0.5,0.11999999731779099],"18":[0.01398578597545011,0.013940046108103659,-1.9804357570032254e-21,-0.27059805007309845,0.6532814824381883,0.6532814824381883,-0.27059805007309845,0.5,0.11999999731779099],"19":[0.013940046108103659,-0.013985785975450108,-1.9804357570032254e-21,0.2705980500730985,0.6532814824381883,0.6532814824381883,0.2705980500730985,0.5,0.11999999731779099],"2":[-1.2160916862124513e-18,0.0,0.0198602844029665,0.7071067811865476,4.329780281177466e-17,-0.7071067811865475,4.329780281177466e-17,0.5,0.11999999731779099],"20":[-0.013962916041776885,-0.013962916041776883,-3.234297037124634e-05,0.9238795325112867,0.3826834323650898,2.343260202663149e-17,5.657130561438503e-17,0.5,0.11999999731779099],"21":[0.019746545236557722,-3.234297037124876e-05,-1.9804357570032254e-21,4.329780281177467e-17,0.7071067811865476,-0.7071067811865475,-4.329780281177466e-17,0.5,0.11999999731779099],"22":[3.627381512725324e-18,0.019746545236557722,-3.234297037124634e-05,-0.7071067811865475,0.7071067811865476,4.329780281177467e-17,-4.329780281177466e-17,0.5,0.11999999731779099],"23":[-0.01396291604177688,0.013962916041776886,-3.234297037124634e-05,0.9238795325112867,-0.3826834323650899,-2.34326020266315e-17,5.657130561438501e-17,0.5,0.11999999731779099],"24":[-0.019746545236557722,0.0,-3.234297037124634e-05,0.0,0.0,0.0,1.0,0.5,0.11999999731779099],"25":[-0.019746545236557722,0.0,-3.234297037124634e-05,1.0,0.0,0.0,6.123233995736766e-17,0.5,0.11999999731779099],"26":[-0.019746545236557722,3.234297037124634e-05,-1.9804357570032254e-21,0.7071067811865475,0.0,0.0,0.7071067811865476,0.5,0.11999999731779099],"27":[-0.019746545236557722,3.234297037124634e-05,-1.9804357570032254e-21,-0.7071067811865476,0.0,0.0,0.7071067811865475,0.5,0.11999999731779099],"28":[-0.013962916041776885,-0.013962916041776883,-3.234297037124634e-05,0.0,0.0,0.3826834323650898,0.9238795325112867,0.5,0.11999999731779099],"29":[-1.2091271709084414e-18,-0.019746545236557722,-3.234297037124634e-05,0.0,0.0,0.7071067811865475,0.7071067811865476,0.5,0.11999999731779099],"3":[-8.599066778654075e-19,-8.599066778654072e-19,0.0198602844029665,-0.27059805007309845,0.6532814824381883,0.27059805007309845,0.6532814824381883,0.5,0.11999999731779099],"30":[-3.2342970371247544e-05,-0.019746545236557722,-1.9804357570032254e-21,0.5,0.5,0.5,0.5,0.5,0.11999999731779099],"31":[0.013962916041776883,-0.013962916041776885,-3.234297037124634e-05,0.0,0.0,0.9238795325112867,0.38268343236508984,0.5,0.11999999731779099],"32":[0.019746545236557722,-2.418254341816883e-18,-3.234297037124634e-05,0.0,0.0,1.0,6.123233995736766e-17,0.5,0.11999999731779099],"33":[0.019746545236557722,-2.418254341816883e-18,-3.234297037124634e-05,6.123233995736766e-17,1.0,6.123233995736766e-17,3.749399456654644e-33,0.5,0.11999999731779099],"34":[0.013962916041776886,0.013962916041776883,-3.234297037124634e-05,0.0,0.0,0.9238795325112868,-0.38268343236508967,0.5,0.11999999731779099],"35":[3.627381512725324e-18,0.019746545236557722,-3.234297037124634e-05,0.0,0.0,-0.7071067811865476,0.7071067811865475,0.5,0.11999999731779099],"36":[-0.01396291604177688,0.013962916041776886,-3.234297037124634e-05,0.0,0.0,-0.3826834323650899,0.9238795325112867,0.5,0.11999999731779099],"37":[0.013962916041776883,-0.013962916041776885,-3.234297037124634e-05,0.38268343236508984,0.9238795325112867,5.657130561438503e-17,2.3432602026631496e-17,0.5,0.11999999731779099],"38":[0.013962916041776886,0.013962916041776883,-3.234297037124634e-05,-0.38268343236508967,0.9238795325112868,5.657130561438501e-17,-2.3432602026631484e-17,0.5,0.11999999731779099],"39":[-1.2091271709084414e-18,-0.019746545236557722,-3.234297037124634e-05,0.7071067811865476,0.7071067811865475,4.329780281177466e-17,4.329780281177466e-17,0.5,0.11999999731779099],"4":[-8.599066778654075e-19,-8.599066778654072e-19,0.0198602844029665,0.6532814824381883,0.2705980500730985,-0.6532814824381883,0.2705980500730985,0.5,0.11999999731779099],"40":[0.019746545236557722,-3.234297037124876e-05,-1.9804357570032254e-21,4.329780281177466e-17,0.7071067811865475,0.7071067811865476,4.329780281177466e-17,0.5,0.11999999731779099],"41":[3.234297037124996e-05,0.019746545236557722,-1.9804357570032254e-21,-0.5,0.5000000000000001,-0.5,0.4999999999999999,0.5,0.11999999731779099],"42":[-0.013985785975450108,-0.013940046108103659,-1.9804357570032254e-21,0.6532814824381883,0.27059805007309845,0.27059805007309845,0.6532814824381883,0.5,0.11999999731779099],"43":[-0.013940046108103656,0.01398578597545011,-1.9804357570032254e-21,0.6532814824381883,-0.27059805007309856,-0.27059805007309856,0.6532814824381883,0.5,0.11999999731779099],"44":[0.01398578597545011,0.013940046108103659,-1.9804357570032254e-21,-0.2705980500730985,0.6532814824381883,-0.6532814824381883,0.27059805007309845,0.5,0.11999999731779099],"45":[-0.013940046108103656,0.01398578597545011,-1.9804357570032254e-21,-0.6532814824381884,0.2705980500730986,-0.27059805007309856,0.6532814824381882,0.5,0.11999999731779099],"46":[-3.2342970371247544e-05,-0.019746545236557722,-1.9804357570032254e-21,0.5,0.5000000000000001,-0.5,-0.5,0.5,0.11999999731779099],"47":[3.234297037124996e-05,0.019746545236557722,-1.9804357570032254e-21,-0.5,0.5000000000000001,0.5,-0.5,0.5,0.11999999731779099],"5":[-7.44641395494893e-35,-1.2160916862124513e-18,0.0198602844029665,-0.5,0.5,0.5,0.5,0.5,0.11999999731779099],"6":[-7.44641395494893e-35,-1.2160916862124513e-18,0.0198602844029665,0.5,0.5,-0.49999999999999994,0.5,0.5,0.11999999731779099],"7":[8.599066778654072e-19,-8.599066778654075e-19,0.0198602844029665,-0.6532814824381883,0.2705980500730985,0.6532814824381883,0.2705980500730985,0.5,0.11999999731779099],"8":[8.599066778654072e-19,-8.599066778654075e-19,0.0198602844029665,0.27059805007309845,0.6532814824381883,-0.27059805007309845,0.6532814824381883,0.5,0.11999999731779099],"9":[1.2160916862124513e-18,-1.489282790989786e-34,0.0198602844029665,-0.7071067811865475,4.329780281177466e-17,0.7071067811865476,4.329780281177466e-17,0.5,0.11999999731779099]}