{"0":[-0.06305713299661875,0.0,0.03691342100501059,0.6419647265674019,0.29644778603194355,-0.29644778603194355,0.6419647265674019,1.0,0.11999999731779099],"1":[-0.06305713299661875,0.0,0.03691342100501059,-0.641964726567402,0.29644778603194355,0.29644778603194355,0.6419647265674018,1.0,0.11999999731779099],"10":[0.044588126344091115,-0.04458812634409113,0.03691342100501059,-0.028212776953068255,0.7065437277455632,0.4796524151940913,0.5195513069933276,1.0,0.11999999731779099],"11":[0.044588126344091115,-0.04458812634409113,0.03691342100501059,-0.5195513069933276,-0.47965241519409146,0.7065437277455631,-0.028212776953068276,1.0,0.11999999731779099],"12":[0.06305713299661875,-7.72227160877181e-18,0.03691342100501059,-0.2964477860319435,0.6419647265674019,0.6419647265674019,0.29644778603194355,1.0,0.11999999731779099],"13":[1.1583407413157715e-17,0.06305713299661875,0.03691342100501059,-0.6635578512093036,0.2443173716674517,0.6635578512093037,-0.24431737166745163,1.0,0.11999999731779099],"14":[1.1583407413157715e-17,0.06305713299661875,0.03691342100501059,-0.2443173716674517,0.6635578512093037,-0.2443173716674517,0.6635578512093036,1.0,0.11999999731779099],"15":[-0.044588126344091115,0.044588126344091136,0.03691342100501059,0.7065437277455631,0.028212776953068217,-0.5195513069933277,0.47965241519409135,1.0,0.11999999731779099],"2":[-0.04458812634409113,-0.044588126344091115,0.03691342100501059,0.7065437277455632,-0.028212776953068272,-0.5195513069933276,-0.47965241519409135,1.0,0.11999999731779099],"3":[0.06305713299661875,-7.72227160877181e-18,0.03691342100501059,0.29644778603194355,0.6419647265674019,-0.6419647265674019,0.29644778603194355,1.0,0.11999999731779099],"4":[0.044588126344091136,0.044588126344091115,0.03691342100501059,-0.5195513069933276,0.47965241519409135,0.7065437277455632,0.02821277695306835,1.0,0.11999999731779099],"5":[0.044588126344091136,0.044588126344091115,0.03691342100501059,0.028212776953068307,0.7065437277455632,-0.4796524151940913,0.5195513069933276,1.0,0.11999999731779099],"6":[-0.044588126344091115,0.044588126344091136,0.03691342100501059,-0.47965241519409146,0.5195513069933277,0.028212776953068255,0.7065437277455631,1.0,0.11999999731779099],"7":[-0.04458812634409113,-0.044588126344091115,0.03691342100501059,0.47965241519409146,0.5195513069933276,-0.028212776953068314,0.7065437277455631,1.0,0.11999999731779099],"8":[-3.861135804385905e-18,-0.06305713299661875,0.03691342100501059,0.2443173716674517,0.6635578512093037,0.2443173716674517,0.6635578512093036,1.0,0.11999999731779099],"9":[-3.861135804385905e-18,-0.06305713299661875,0.03691342100501059,0.6635578512093037,0.2443173716674517,-0.6635578512093036,-0.24431737166745163,1.0,0.11999999731779099]}