{"0":[0.00014768168330192566,0.049246568232774734,0.0349357657507062,0.0,0.7071067811865475,0.0,0.7071067811865476,1.0,0.11999999731779099],"1":[0.00014768168330192566,0.049246568232774734,0.0349357657507062,0.7071067811865476,4.329780281177466e-17,-0.7071067811865475,4.329780281177466e-17,1.0,0.11999999731779099],"2":[0.07129170745611191,0.00011827796697616577,0.0349357657507062,0.5,0.5,-0.5,0.5,1.0,0.11999999731779099],"3":[0.07129170745611191,0.00011827796697616577,0.0349357657507062,0.5,-0.5,-0.5000000000000001,-0.5,1.0,0.11999999731779099],"4":[0.00014768168330192566,-0.0490100122988224,0.0349357657507062,0.0,0.7071067811865475,0.0,0.7071067811865476,1.0,0.11999999731779099],"5":[0.00014768168330192566,-0.0490100122988224,0.0349357657507062,0.7071067811865476,4.329780281177466e-17,-0.7071067811865475,4.329780281177466e-17,1.0,0.11999999731779099],"6":[-0.07099634408950806,0.00011827796697616577,0.0349357657507062,0.5,0.5,-0.5,0.5,1.0,0.11999999731779099],"7":[-0.07099634408950806,0.00011827796697616577,0.0349357657507062,0.5,-0.5,-0.5000000000000001,-0.5,1.0,0.11999999731779099]}