{"0":[0.05829409118744289,-0.0582940911874429,0.035084571228740535,0.052377967740724306,0.705164199669376,0.5356632036104368,0.4615895712619641,1.0,0.11999999731779099],"1":[0.05829409118744289,-0.0582940911874429,0.035084571228740535,-0.46158957126196415,-0.5356632036104368,0.7051641996693759,0.05237796774072427,1.0,0.11999999731779099],"10":[0.05829409118744291,0.05829409118744289,0.035084571228740535,-0.461589571261964,0.5356632036104368,0.705164199669376,-0.052377967740724264,1.0,0.11999999731779099],"11":[0.05829409118744291,0.05829409118744289,0.035084571228740535,-0.052377967740724306,0.705164199669376,-0.5356632036104368,0.461589571261964,1.0,0.11999999731779099],"12":[1.514403639195308e-17,0.08244029436349566,0.035084571228740535,-0.6314425906589105,0.31824558866065,0.6314425906589105,-0.31824558866064995,1.0,0.11999999731779099],"13":[1.514403639195308e-17,0.08244029436349566,0.035084571228740535,-0.31824558866064995,0.6314425906589106,-0.31824558866064995,0.6314425906589104,1.0,0.11999999731779099],"14":[-0.05829409118744287,0.05829409118744291,0.035084571228740535,0.705164199669376,-0.05237796774072439,-0.4615895712619641,0.5356632036104367,1.0,0.11999999731779099],"15":[-0.08244029436349566,0.0,0.035084571228740535,-0.6715309516095671,0.22146372396026665,0.2214637239602667,0.6715309516095671,1.0,0.11999999731779099],"2":[-0.05829409118744287,0.05829409118744291,0.035084571228740535,-0.5356632036104368,0.46158957126196415,-0.052377967740724334,0.7051641996693759,1.0,0.11999999731779099],"3":[-0.08244029436349566,0.0,0.035084571228740535,0.6715309516095671,0.2214637239602667,-0.2214637239602667,0.6715309516095671,1.0,0.11999999731779099],"4":[-0.0582940911874429,-0.05829409118744289,0.035084571228740535,0.5356632036104368,0.461589571261964,0.052377967740724285,0.705164199669376,1.0,0.11999999731779099],"5":[-0.0582940911874429,-0.05829409118744289,0.035084571228740535,-0.7051641996693762,-0.052377967740724285,0.4615895712619639,0.5356632036104367,1.0,0.11999999731779099],"6":[-5.048012130651027e-18,-0.08244029436349566,0.035084571228740535,0.31824558866064995,0.6314425906589105,0.31824558866064995,0.6314425906589105,1.0,0.11999999731779099],"7":[-5.048012130651027e-18,-0.08244029436349566,0.035084571228740535,0.6314425906589105,0.31824558866065,-0.6314425906589105,-0.31824558866064995,1.0,0.11999999731779099],"8":[0.08244029436349566,-1.0096024261302053e-17,0.035084571228740535,-0.22146372396026665,0.6715309516095671,0.6715309516095671,0.22146372396026673,1.0,0.11999999731779099],"9":[0.08244029436349566,-1.0096024261302053e-17,0.035084571228740535,0.22146372396026673,0.6715309516095671,-0.6715309516095671,0.2214637239602667,1.0,0.11999999731779099]}