{"0":[-0.08936807600743141,0.0,0.03364018401640313,-0.6756135381056916,0.208677615302431,0.20867761530243104,0.6756135381056914,1.0,0.11999999731779099],"1":[-0.06319277256644955,-0.06319277256644955,0.03364018401640313,-0.7040429858250788,-0.06575313004342827,0.45133908538578843,0.5443280536616866,1.0,0.11999999731779099],"10":[0.08936807600743141,-1.0944432822845826e-17,0.03364018401640313,0.208677615302431,0.6756135381056916,-0.6756135381056914,0.20867761530243098,1.0,0.11999999731779099],"11":[0.06319277256644956,0.06319277256644955,0.03364018401640313,-0.45133908538578843,0.5443280536616867,0.7040429858250787,-0.06575313004342825,1.0,0.11999999731779099],"12":[0.06319277256644956,0.06319277256644955,0.03364018401640313,-0.06575313004342828,0.7040429858250788,-0.5443280536616866,0.4513390853857884,1.0,0.11999999731779099],"13":[1.6416649234268736e-17,0.08936807600743141,0.03364018401640313,-0.625288271118157,0.3301735573937838,0.625288271118157,-0.33017355739378373,1.0,0.11999999731779099],"14":[-0.06319277256644953,0.06319277256644956,0.03364018401640313,0.7040429858250787,-0.06575313004342836,-0.45133908538578854,0.5443280536616866,1.0,0.11999999731779099],"15":[-0.06319277256644953,0.06319277256644956,0.03364018401640313,-0.5443280536616866,0.4513390853857886,-0.06575313004342832,0.7040429858250786,1.0,0.11999999731779099],"2":[0.06319277256644955,-0.06319277256644955,0.03364018401640313,0.0657531300434283,0.7040429858250787,0.5443280536616866,0.45133908538578854,1.0,0.11999999731779099],"3":[0.06319277256644955,-0.06319277256644955,0.03364018401640313,-0.45133908538578854,-0.5443280536616866,0.7040429858250787,0.06575313004342825,1.0,0.11999999731779099],"4":[0.08936807600743141,-1.0944432822845826e-17,0.03364018401640313,-0.20867761530243098,0.6756135381056915,0.6756135381056915,0.20867761530243106,1.0,0.11999999731779099],"5":[1.6416649234268736e-17,0.08936807600743141,0.03364018401640313,-0.3301735573937837,0.625288271118157,-0.3301735573937837,0.625288271118157,1.0,0.11999999731779099],"6":[-0.08936807600743141,0.0,0.03364018401640313,0.6756135381056915,0.208677615302431,-0.208677615302431,0.6756135381056915,1.0,0.11999999731779099],"7":[-0.06319277256644955,-0.06319277256644955,0.03364018401640313,0.5443280536616866,0.45133908538578843,0.06575313004342828,0.7040429858250787,1.0,0.11999999731779099],"8":[-5.472216411422913e-18,-0.08936807600743141,0.03364018401640313,0.33017355739378373,0.625288271118157,0.33017355739378373,0.625288271118157,1.0,0.11999999731779099],"9":[-5.472216411422913e-18,-0.08936807600743141,0.03364018401640313,0.625288271118157,0.3301735573937838,-0.625288271118157,-0.33017355739378373,1.0,0.11999999731779099]}