{"0":[-9.51346009969597e-06,-2.286729923808355e-18,0.01867256686091423,-0.7071067811865475,-4.329780281177466e-17,0.7071067811865476,4.329780281177466e-17,0.5,0.11999999731779099],"1":[-9.51346009969597e-06,-2.286729923808355e-18,0.01867256686091423,0.0,0.7071067811865476,8.659560562354934e-17,0.7071067811865475,0.5,0.11999999731779099],"10":[-9.513460099696305e-06,0.013203498649511656,0.01320349864951166,-0.2705980500730985,0.6532814824381883,-0.27059805007309845,0.6532814824381883,0.5,0.11999999731779099],"11":[8.083104984300013e-19,-0.013196771617362615,0.0132102256816607,-0.27059805007309845,0.27059805007309845,0.6532814824381883,0.6532814824381883,0.5,0.11999999731779099],"12":[-9.513460099697113e-06,0.01867256686091423,3.4306774171355283e-18,-0.5,0.5000000000000001,-0.4999999999999999,0.5,0.5,0.11999999731779099],"13":[-1.1650628459908029e-21,0.01867256686091423,-9.513460099693683e-06,-2.1648901405887335e-17,1.5154230984121132e-16,-0.7071067811865475,0.7071067811865476,0.5,0.11999999731779099],"14":[-1.1650628459908029e-21,0.01867256686091423,-9.513460099693683e-06,0.7071067811865476,-0.7071067811865475,-1.0824450702943664e-16,-2.1648901405887326e-17,0.5,0.11999999731779099],"15":[-0.02749800682067871,-2.062020236650769e-34,3.367534603587627e-18,1.0,0.0,-6.123233995736766e-17,-6.123233995736766e-17,0.5,0.11999999731779099],"16":[-0.02749800682067871,-2.062020236650769e-34,3.367534603587627e-18,0.0,6.123233995736766e-17,3.749399456654644e-33,1.0,0.5,0.11999999731779099],"17":[-9.513460099697113e-06,0.01867256686091423,3.4306774171355283e-18,-0.5000000000000001,0.5,0.5,-0.5,0.5,0.11999999731779099],"18":[-0.02749800682067871,-1.1906032770385817e-18,2.8743705788323953e-18,0.9238795325112867,0.0,-5.657130561438503e-17,-0.38268343236508984,0.5,0.11999999731779099],"19":[-0.02749800682067871,-1.1906032770385817e-18,2.8743705788323953e-18,0.3826834323650898,5.657130561438503e-17,3.335378480182893e-33,0.9238795325112867,0.5,0.11999999731779099],"2":[1.1427824304811821e-18,9.513460099694826e-06,0.01867256686091423,-0.5,0.5,0.5,0.5000000000000001,0.5,0.11999999731779099],"20":[-0.02749800682067871,1.1906032770385813e-18,2.8743705788323953e-18,-0.38268343236508984,5.657130561438503e-17,3.335378480182893e-33,0.9238795325112867,0.5,0.11999999731779099],"21":[-0.02749800682067871,1.1906032770385813e-18,2.8743705788323953e-18,0.9238795325112868,0.0,-5.657130561438501e-17,0.38268343236508967,0.5,0.11999999731779099],"22":[-0.02749800682067871,1.6837673017938135e-18,1.683767301793814e-18,0.7071067811865476,0.0,-4.329780281177467e-17,0.7071067811865475,0.5,0.11999999731779099],"23":[-0.02749800682067871,1.6837673017938135e-18,1.683767301793814e-18,-0.7071067811865475,4.329780281177467e-17,4.357881996052623e-33,0.7071067811865476,0.5,0.11999999731779099],"24":[-0.02749800682067871,-1.6837673017938135e-18,1.6837673017938135e-18,0.7071067811865475,4.329780281177467e-17,4.357881996052623e-33,0.7071067811865476,0.5,0.11999999731779099],"25":[-0.02749800682067871,-1.6837673017938135e-18,1.6837673017938135e-18,-0.7071067811865475,0.0,4.329780281177466e-17,0.7071067811865476,0.5,0.11999999731779099],"26":[-0.02749800682067871,1.190603277038582e-18,4.931640247552322e-19,0.3826834323650899,-8.338446200457233e-34,-2.34326020266315e-17,0.9238795325112867,0.5,0.11999999731779099],"27":[-0.02749800682067871,1.190603277038582e-18,4.931640247552322e-19,0.9238795325112867,-2.34326020266315e-17,-8.338446200457233e-34,-0.38268343236508984,0.5,0.11999999731779099],"28":[-0.02749800682067871,-1.1906032770385813e-18,4.931640247552318e-19,-0.3826834323650898,8.338446200457233e-34,2.343260202663149e-17,0.9238795325112867,0.5,0.11999999731779099],"29":[-0.02749800682067871,-1.1906032770385813e-18,4.931640247552318e-19,0.9238795325112867,2.343260202663149e-17,8.338446200457233e-34,0.38268343236508984,0.5,0.11999999731779099],"3":[1.1427824304811821e-18,9.513460099694826e-06,0.01867256686091423,0.5,0.5000000000000001,-0.4999999999999999,0.5,0.5,0.11999999731779099],"30":[-0.02749800682067871,0.0,0.0,0.0,0.0,0.0,1.0,0.5,0.11999999731779099],"31":[-0.02749800682067871,0.0,0.0,1.0,0.0,0.0,6.123233995736766e-17,0.5,0.11999999731779099],"32":[-9.513460099697113e-06,-0.01867256686091423,-1.1427824304811821e-18,-0.5,-0.5,0.5,0.5,0.5,0.11999999731779099],"33":[0.02749800682067871,-2.062020236650769e-34,0.0,0.0,-6.123233995736766e-17,1.0,3.749399456654644e-33,0.5,0.11999999731779099],"34":[0.02749800682067871,-2.062020236650769e-34,0.0,3.749399456654644e-33,1.0,1.2246467991473532e-16,2.2958450216584675e-49,0.5,0.11999999731779099],"35":[0.02749800682067871,1.1906032770385813e-18,-4.931640247552317e-19,8.338446200457231e-34,0.38268343236508967,0.9238795325112868,-2.3432602026631484e-17,0.5,0.11999999731779099],"36":[0.02749800682067871,1.1906032770385813e-18,-4.931640247552317e-19,-2.3432602026631484e-17,0.9238795325112868,-0.3826834323650896,-2.5015338601371694e-33,0.5,0.11999999731779099],"37":[0.02749800682067871,-1.1906032770385817e-18,-4.93164024755232e-19,2.3432602026631496e-17,0.9238795325112867,0.3826834323650899,2.50153386013717e-33,0.5,0.11999999731779099],"38":[0.02749800682067871,-1.1906032770385817e-18,-4.93164024755232e-19,-8.338446200457233e-34,-0.38268343236508984,0.9238795325112867,2.3432602026631496e-17,0.5,0.11999999731779099],"39":[-9.513460099697113e-06,-0.01867256686091423,-1.1427824304811821e-18,0.5,0.49999999999999994,0.5,0.5,0.5,0.11999999731779099],"4":[8.074866745910929e-19,0.0132102256816607,0.013196771617362617,0.6532814824381883,-0.6532814824381883,-0.2705980500730986,-0.2705980500730985,0.5,0.11999999731779099],"40":[-7.001091204265933e-35,-0.01867256686091423,9.51346009969597e-06,2.164890140588733e-17,-2.164890140588733e-17,0.7071067811865475,0.7071067811865476,0.5,0.11999999731779099],"41":[0.02749800682067871,1.6837673017938135e-18,-1.6837673017938131e-18,0.0,0.7071067811865475,0.7071067811865476,-4.329780281177466e-17,0.5,0.11999999731779099],"42":[0.02749800682067871,1.6837673017938135e-18,-1.6837673017938131e-18,-4.3297802811774664e-17,0.7071067811865477,-0.7071067811865474,-4.3578819960526224e-33,0.5,0.11999999731779099],"43":[-7.001091204265933e-35,-0.01867256686091423,9.51346009969597e-06,0.7071067811865476,0.7071067811865475,6.494670421766199e-17,2.164890140588733e-17,0.5,0.11999999731779099],"44":[0.02749800682067871,-1.6837673017938135e-18,-1.6837673017938135e-18,0.0,0.7071067811865476,-0.7071067811865475,-4.329780281177466e-17,0.5,0.11999999731779099],"45":[0.02749800682067871,-1.6837673017938135e-18,-1.6837673017938135e-18,4.329780281177467e-17,0.7071067811865475,0.7071067811865476,4.357881996052623e-33,0.5,0.11999999731779099],"46":[0.02749800682067871,1.190603277038582e-18,-2.874370578832395e-18,5.657130561438501e-17,-0.38268343236508995,0.9238795325112866,3.335378480182893e-33,0.5,0.11999999731779099],"47":[0.02749800682067871,1.190603277038582e-18,-2.874370578832395e-18,0.0,0.9238795325112867,0.3826834323650899,-5.657130561438501e-17,0.5,0.11999999731779099],"48":[0.02749800682067871,-1.1906032770385813e-18,-2.8743705788323953e-18,5.657130561438501e-17,0.3826834323650896,0.9238795325112868,3.3353784801828926e-33,0.5,0.11999999731779099],"49":[0.02749800682067871,-1.1906032770385813e-18,-2.8743705788323953e-18,0.0,0.9238795325112867,-0.3826834323650898,-5.657130561438503e-17,0.5,0.11999999731779099],"5":[8.074866745910929e-19,0.0132102256816607,0.013196771617362617,0.27059805007309845,0.2705980500730987,-0.6532814824381883,0.6532814824381883,0.5,0.11999999731779099],"50":[0.02749800682067871,0.0,-3.367534603587627e-18,0.0,1.0,0.0,-6.123233995736766e-17,0.5,0.11999999731779099],"51":[0.02749800682067871,0.0,-3.367534603587627e-18,6.123233995736766e-17,-6.123233995736766e-17,1.0,3.749399456654644e-33,0.5,0.11999999731779099],"6":[-9.513460099696305e-06,0.013203498649511656,0.01320349864951166,-0.6532814824381883,0.27059805007309845,0.6532814824381883,-0.27059805007309845,0.5,0.11999999731779099],