{"0":[-1.581646605542779e-18,1.58164660554278e-18,0.03652948886156082,0.27059805007309856,0.6532814824381883,-0.27059805007309856,0.6532814824381883,0.5,0.11999999731779099],"1":[-2.2367860804399676e-18,0.0,0.03652948886156082,0.0,0.7071067811865475,0.0,0.7071067811865476,0.5,0.11999999731779099],"10":[2.2367860804399676e-18,-2.73927291378816e-34,0.03652948886156082,2.6512257811776557e-33,0.7071067811865476,2.6512257811776557e-33,0.7071067811865475,0.5,0.11999999731779099],"11":[1.58164660554278e-18,1.5816466055427792e-18,0.03652948886156082,-0.6532814824381883,-0.27059805007309845,0.6532814824381883,-0.27059805007309845,0.5,0.11999999731779099],"12":[1.58164660554278e-18,1.5816466055427792e-18,0.03652948886156082,-0.2705980500730985,0.6532814824381883,0.2705980500730985,0.6532814824381883,0.5,0.11999999731779099],"13":[4.10890937068224e-34,2.2367860804399676e-18,0.03652948886156082,-0.5000000000000001,-0.5,0.5,-0.5,0.5,0.11999999731779099],"14":[4.10890937068224e-34,2.2367860804399676e-18,0.03652948886156082,-0.5,0.5,0.5,0.5,0.5,0.11999999731779099],"15":[-1.581646605542779e-18,1.58164660554278e-18,0.03652948886156082,0.6532814824381883,-0.2705980500730985,-0.6532814824381883,-0.2705980500730985,0.5,0.11999999731779099],"16":[-0.014778371515037275,-0.014408201012922152,-1.6027569407316013e-20,-0.6532814824381884,-0.2705980500730985,0.27059805007309845,0.6532814824381882,0.5,0.11999999731779099],"17":[0.014408201012922152,-0.014778371515037275,-1.6027569407316013e-20,0.27059805007309856,0.6532814824381883,-0.6532814824381883,-0.2705980500730985,0.5,0.11999999731779099],"18":[0.014778371515037275,0.014408201012922152,-1.6027569407316013e-20,-0.27059805007309845,0.6532814824381883,0.6532814824381883,-0.27059805007309845,0.5,0.11999999731779099],"19":[0.014408201012922152,-0.014778371515037275,-1.6027569407316013e-20,0.2705980500730985,0.6532814824381883,0.6532814824381883,0.2705980500730985,0.5,0.11999999731779099],"2":[-2.2367860804399676e-18,0.0,0.03652948886156082,0.7071067811865476,4.329780281177466e-17,-0.7071067811865475,4.329780281177466e-17,0.5,0.11999999731779099],"20":[-0.014593286263979715,-0.014593286263979714,-0.00026175007224082947,0.9238795325112867,0.3826834323650898,2.343260202663149e-17,5.657130561438503e-17,0.5,0.11999999731779099],"21":[0.020638023354113105,-0.00026175007224083196,-1.6027569407316013e-20,4.329780281177467e-17,0.7071067811865476,-0.7071067811865475,-4.329780281177466e-17,0.5,0.11999999731779099],"22":[3.7911433862014404e-18,0.020638023354113105,-0.00026175007224082947,-0.7071067811865475,0.7071067811865476,4.329780281177467e-17,-4.329780281177466e-17,0.5,0.11999999731779099],"23":[-0.01459328626397971,0.014593286263979715,-0.00026175007224082947,0.9238795325112867,-0.3826834323650899,-2.34326020266315e-17,5.657130561438501e-17,0.5,0.11999999731779099],"24":[-0.020638023354113105,0.0,-0.00026175007224082947,0.0,0.0,0.0,1.0,0.5,0.11999999731779099],"25":[-0.020638023354113105,0.0,-0.00026175007224082947,1.0,0.0,0.0,6.123233995736766e-17,0.5,0.11999999731779099],"26":[-0.020638023354113105,0.00026175007224082947,-1.6027569407316013e-20,0.7071067811865475,0.0,0.0,0.7071067811865476,0.5,0.11999999731779099],"27":[-0.020638023354113105,0.00026175007224082947,-1.6027569407316013e-20,-0.7071067811865476,0.0,0.0,0.7071067811865475,0.5,0.11999999731779099],"28":[-0.014593286263979715,-0.014593286263979714,-0.00026175007224082947,0.0,0.0,0.3826834323650898,0.9238795325112867,0.5,0.11999999731779099],"29":[-1.2637144620671468e-18,-0.020638023354113105,-0.00026175007224082947,0.0,0.0,0.7071067811865475,0.7071067811865476,0.5,0.11999999731779099],"3":[-1.5816466055427796e-18,-1.5816466055427792e-18,0.03652948886156082,-0.27059805007309845,0.6532814824381883,0.27059805007309845,0.6532814824381883,0.5,0.11999999731779099],"30":[-0.0002617500722408307,-0.020638023354113105,-1.6027569407316013e-20,0.5,0.5,0.5,0.5,0.5,0.11999999731779099],"31":[0.014593286263979714,-0.014593286263979715,-0.00026175007224082947,0.0,0.0,0.9238795325112867,0.38268343236508984,0.5,0.11999999731779099],"32":[0.020638023354113105,-2.5274289241342936e-18,-0.00026175007224082947,0.0,0.0,1.0,6.123233995736766e-17,0.5,0.11999999731779099],"33":[0.020638023354113105,-2.5274289241342936e-18,-0.00026175007224082947,6.123233995736766e-17,1.0,6.123233995736766e-17,3.749399456654644e-33,0.5,0.11999999731779099],"34":[0.014593286263979715,0.014593286263979714,-0.00026175007224082947,0.0,0.0,0.9238795325112868,-0.38268343236508967,0.5,0.11999999731779099],"35":[3.7911433862014404e-18,0.020638023354113105,-0.00026175007224082947,0.0,0.0,-0.7071067811865476,0.7071067811865475,0.5,0.11999999731779099],"36":[-0.01459328626397971,0.014593286263979715,-0.00026175007224082947,0.0,0.0,-0.3826834323650899,0.9238795325112867,0.5,0.11999999731779099],"37":[0.014593286263979714,-0.014593286263979715,-0.00026175007224082947,0.38268343236508984,0.9238795325112867,5.657130561438503e-17,2.3432602026631496e-17,0.5,0.11999999731779099],"38":[0.014593286263979715,0.014593286263979714,-0.00026175007224082947,-0.38268343236508967,0.9238795325112868,5.657130561438501e-17,-2.3432602026631484e-17,0.5,0.11999999731779099],"39":[-1.2637144620671468e-18,-0.020638023354113105,-0.00026175007224082947,0.7071067811865476,0.7071067811865475,4.329780281177466e-17,4.329780281177466e-17,0.5,0.11999999731779099],"4":[-1.5816466055427796e-18,-1.5816466055427792e-18,0.03652948886156082,0.6532814824381883,0.2705980500730985,-0.6532814824381883,0.2705980500730985,0.5,0.11999999731779099],"40":[0.020638023354113105,-0.00026175007224083196,-1.6027569407316013e-20,4.329780281177466e-17,0.7071067811865475,0.7071067811865476,4.329780281177466e-17,0.5,0.11999999731779099],"41":[0.00026175007224083326,0.020638023354113105,-1.6027569407316013e-20,-0.5,0.5000000000000001,-0.5,0.4999999999999999,0.5,0.11999999731779099],"42":[-0.014778371515037275,-0.014408201012922152,-1.6027569407316013e-20,0.6532814824381883,0.27059805007309845,0.27059805007309845,0.6532814824381883,0.5,0.11999999731779099],"43":[-0.01440820101292215,0.014778371515037275,-1.6027569407316013e-20,0.6532814824381883,-0.27059805007309856,-0.27059805007309856,0.6532814824381883,0.5,0.11999999731779099],"44":[0.014778371515037275,0.014408201012922152,-1.6027569407316013e-20,-0.2705980500730985,0.6532814824381883,-0.6532814824381883,0.27059805007309845,0.5,0.11999999731779099],"45":[-0.01440820101292215,0.014778371515037275,-1.6027569407316013e-20,-0.6532814824381884,0.2705980500730986,-0.27059805007309856,0.6532814824381882,0.5,0.11999999731779099],"46":[-0.0002617500722408307,-0.020638023354113105,-1.6027569407316013e-20,0.5,0.5000000000000001,-0.5,-0.5,0.5,0.11999999731779099],"47":[0.00026175007224083326,0.020638023354113105,-1.6027569407316013e-20,-0.5,0.5000000000000001,0.5,-0.5,0.5,0.11999999731779099],"5":[-1.36963645689408e-34,-2.2367860804399676e-18,0.03652948886156082,-0.5,0.5,0.5,0.5,0.5,0.11999999731779099],"6":[-1.36963645689408e-34,-2.2367860804399676e-18,0.03652948886156082,0.5,0.5,-0.49999999999999994,0.5,0.5,0.11999999731779099],"7":[1.5816466055427792e-18,-1.5816466055427796e-18,0.03652948886156082,-0.6532814824381883,0.2705980500730985,0.6532814824381883,0.2705980500730985,0.5,0.11999999731779099],"8":[1.5816466055427792e-18,-1.5816466055427796e-18,0.03652948886156082,0.27059805007309845,0.6532814824381883,-0.27059805007309845,0.6532814824381883,0.5,0.11999999731779099],"9":[2.2367860804399676e-18,-2.73927291378816e-34,0.03652948886156082,-0.7071067811865475,4.329780281177466e-17,0.7071067811865476,4.329780281177466e-17,0.5,0.11999999731779099]}