{"0":[9.40077006816864e-06,1.5362165868282318e-05,0.019771449267864227,0.0,0.7071067811865475,0.0,0.7071067811865476,0.5,0.11999999731779099],"1":[9.40077006816864e-06,1.5362165868282318e-05,0.019771449267864227,0.7071067811865476,4.329780281177466e-17,-0.7071067811865475,4.329780281177466e-17,0.5,0.11999999731779099],"10":[-0.018725648373365406,1.5362165868282318e-05,7.440336048603058e-06,-0.7071067811865476,0.0,0.0,0.7071067811865475,0.5,0.11999999731779099],"11":[0.018744449913501743,1.5362165868282017e-05,7.440336048603058e-06,0.0,0.0,1.0,6.123233995736766e-17,0.5,0.11999999731779099],"12":[0.018744449913501743,1.5362165868282017e-05,7.440336048603058e-06,6.123233995736766e-17,1.0,6.123233995736766e-17,3.749399456654644e-33,0.5,0.11999999731779099],"13":[9.400770068168488e-06,-0.01872496291995049,7.440336048603058e-06,0.0,0.0,0.7071067811865475,0.7071067811865476,0.5,0.11999999731779099],"14":[9.400770068168488e-06,-0.01872496291995049,7.440336048603058e-06,0.5,0.5,0.5,0.5,0.5,0.11999999731779099],"15":[9.400770068168488e-06,0.018755687251687053,7.440336048603058e-06,0.0,0.0,-0.7071067811865475,0.7071067811865476,0.5,0.11999999731779099],"16":[9.400770068168488e-06,0.018755687251687053,7.440336048603058e-06,0.5,-0.5,-0.5,0.5,0.5,0.11999999731779099],"17":[0.018744449913501743,1.5362165868282017e-05,7.440336048603058e-06,4.329780281177466e-17,0.7071067811865475,0.7071067811865476,4.329780281177466e-17,0.5,0.11999999731779099],"18":[9.400770068168488e-06,-0.01872496291995049,7.440336048603058e-06,0.7071067811865476,0.7071067811865475,4.329780281177466e-17,4.329780281177466e-17,0.5,0.11999999731779099],"19":[9.400770068168488e-06,-0.01872496291995049,7.440336048603058e-06,0.5,0.5000000000000001,-0.5,-0.5,0.5,0.11999999731779099],"2":[9.40077006816864e-06,1.5362165868282318e-05,0.019771449267864227,0.5,0.5,-0.5,0.5,0.5,0.11999999731779099],"3":[9.40077006816864e-06,1.5362165868282318e-05,0.019771449267864227,0.5,-0.5,-0.5000000000000001,-0.5,0.5,0.11999999731779099],"4":[9.400770068168488e-06,0.018755687251687053,7.440336048603058e-06,0.5,-0.5000000000000001,0.5,-0.5,0.5,0.11999999731779099],"5":[9.400770068168488e-06,0.018755687251687053,7.440336048603058e-06,0.7071067811865476,-0.7071067811865475,-4.329780281177466e-17,4.329780281177466e-17,0.5,0.11999999731779099],"6":[0.018744449913501743,1.5362165868282017e-05,7.440336048603058e-06,4.329780281177467e-17,0.7071067811865476,-0.7071067811865475,-4.329780281177466e-17,0.5,0.11999999731779099],"7":[-0.018725648373365406,1.5362165868282318e-05,7.440336048603058e-06,0.0,0.0,0.0,1.0,0.5,0.11999999731779099],"8":[-0.018725648373365406,1.5362165868282318e-05,7.440336048603058e-06,1.0,0.0,0.0,6.123233995736766e-17,0.5,0.11999999731779099],"9":[-0.018725648373365406,1.5362165868282318e-05,7.440336048603058e-06,0.7071067811865475,0.0,0.0,0.7071067811865476,0.5,0.11999999731779099]}