{"0":[6.411224603652954e-05,0.0684218630194664,0.03498494610190392,0.0,0.7071067811865475,0.0,0.7071067811865476,1.0,0.11999999731779099],"1":[6.411224603652954e-05,0.0684218630194664,0.03498494610190392,0.7071067811865476,4.329780281177466e-17,-0.7071067811865475,4.329780281177466e-17,1.0,0.11999999731779099],"2":[0.06829936057329178,-1.952052116394043e-05,0.03498494610190392,0.5,0.5,-0.5,0.5,1.0,0.11999999731779099],"3":[0.06829936057329178,-1.952052116394043e-05,0.03498494610190392,0.5,-0.5,-0.5000000000000001,-0.5,1.0,0.11999999731779099],"4":[6.411224603652954e-05,-0.06846090406179428,0.03498494610190392,0.0,0.7071067811865475,0.0,0.7071067811865476,1.0,0.11999999731779099],"5":[6.411224603652954e-05,-0.06846090406179428,0.03498494610190392,0.7071067811865476,4.329780281177466e-17,-0.7071067811865475,4.329780281177466e-17,1.0,0.11999999731779099],"6":[-0.06817113608121872,-1.952052116394043e-05,0.03498494610190392,0.5,0.5,-0.5,0.5,1.0,0.11999999731779099],"7":[-0.06817113608121872,-1.952052116394043e-05,0.03498494610190392,0.5,-0.5,-0.5000000000000001,-0.5,1.0,0.11999999731779099]}