{"0":[-4.1350722312782885e-07,-2.887221563291483e-18,0.02357595320791006,-0.7071067811865475,-4.329780281177466e-17,0.7071067811865476,4.329780281177466e-17,0.5,0.11999999731779099],"1":[-4.1350722312782885e-07,-2.887221563291483e-18,0.02357595320791006,0.0,0.7071067811865476,8.659560562354934e-17,0.7071067811865475,0.5,0.11999999731779099],"10":[-4.135072231282517e-07,0.01667071638624994,0.016670716386249947,-0.2705980500730985,0.6532814824381883,-0.27059805007309845,0.6532814824381883,0.5,0.11999999731779099],"11":[1.0207795570350629e-18,-0.0166704239924884,0.016671008780011487,-0.27059805007309845,0.27059805007309845,0.6532814824381883,0.6532814824381883,0.5,0.11999999731779099],"12":[-4.1350722312927246e-07,0.02357595320791006,4.3308576649520854e-18,-0.5,0.5000000000000001,-0.4999999999999999,0.5,0.5,0.11999999731779099],"13":[-5.0640029722692203e-23,0.02357595320791006,-4.1350722312494163e-07,-2.1648901405887335e-17,1.5154230984121132e-16,-0.7071067811865475,0.7071067811865476,0.5,0.11999999731779099],"14":[-5.0640029722692203e-23,0.02357595320791006,-4.1350722312494163e-07,0.7071067811865476,-0.7071067811865475,-1.0824450702943664e-16,-2.1648901405887326e-17,0.5,0.11999999731779099],"15":[-0.028899474069476128,-2.1671134474739752e-34,3.5391648416225875e-18,1.0,0.0,-6.123233995736766e-17,-6.123233995736766e-17,0.5,0.11999999731779099],"16":[-0.028899474069476128,-2.1671134474739752e-34,3.5391648416225875e-18,0.0,6.123233995736766e-17,3.749399456654644e-33,1.0,0.5,0.11999999731779099],"17":[-4.1350722312927246e-07,0.02357595320791006,4.3308576649520854e-18,-0.5000000000000001,0.5,0.5,-0.5,0.5,0.11999999731779099],"18":[-0.028899474069476128,-1.2512837296241726e-18,3.020866150435466e-18,0.9238795325112867,0.0,-5.657130561438503e-17,-0.38268343236508984,0.5,0.11999999731779099],"19":[-0.028899474069476128,-1.2512837296241726e-18,3.020866150435466e-18,0.3826834323650898,5.657130561438503e-17,3.335378480182893e-33,0.9238795325112867,0.5,0.11999999731779099],"2":[1.4435854616308802e-18,4.1350722312638524e-07,0.02357595320791006,-0.5,0.5,0.5,0.5000000000000001,0.5,0.11999999731779099],"20":[-0.028899474069476128,1.2512837296241722e-18,3.0208661504354664e-18,-0.38268343236508984,5.657130561438503e-17,3.335378480182893e-33,0.9238795325112867,0.5,0.11999999731779099],"21":[-0.028899474069476128,1.2512837296241722e-18,3.0208661504354664e-18,0.9238795325112868,0.0,-5.657130561438501e-17,0.38268343236508967,0.5,0.11999999731779099],"22":[-0.028899474069476128,1.7695824208112938e-18,1.769582420811294e-18,0.7071067811865476,0.0,-4.329780281177467e-17,0.7071067811865475,0.5,0.11999999731779099],"23":[-0.028899474069476128,1.7695824208112938e-18,1.769582420811294e-18,-0.7071067811865475,4.329780281177467e-17,4.357881996052623e-33,0.7071067811865476,0.5,0.11999999731779099],"24":[-0.028899474069476128,-1.7695824208112938e-18,1.7695824208112938e-18,0.7071067811865475,4.329780281177467e-17,4.357881996052623e-33,0.7071067811865476,0.5,0.11999999731779099],"25":[-0.028899474069476128,-1.7695824208112938e-18,1.7695824208112938e-18,-0.7071067811865475,0.0,4.329780281177466e-17,0.7071067811865476,0.5,0.11999999731779099],"26":[-0.028899474069476128,1.2512837296241728e-18,5.182986911871215e-19,0.3826834323650899,-8.338446200457233e-34,-2.34326020266315e-17,0.9238795325112867,0.5,0.11999999731779099],"27":[-0.028899474069476128,1.2512837296241728e-18,5.182986911871215e-19,0.9238795325112867,-2.34326020266315e-17,-8.338446200457233e-34,-0.38268343236508984,0.5,0.11999999731779099],"28":[-0.028899474069476128,-1.2512837296241722e-18,5.182986911871211e-19,-0.3826834323650898,8.338446200457233e-34,2.343260202663149e-17,0.9238795325112867,0.5,0.11999999731779099],"29":[-0.028899474069476128,-1.2512837296241722e-18,5.182986911871211e-19,0.9238795325112867,2.343260202663149e-17,8.338446200457233e-34,0.38268343236508984,0.5,0.11999999731779099],"3":[1.4435854616308802e-18,4.1350722312638524e-07,0.02357595320791006,0.5,0.5000000000000001,-0.4999999999999999,0.5,0.5,0.11999999731779099],"30":[-0.028899474069476128,0.0,0.0,0.0,0.0,0.0,1.0,0.5,0.11999999731779099],"31":[-0.028899474069476128,0.0,0.0,1.0,0.0,0.0,6.123233995736766e-17,0.5,0.11999999731779099],"32":[-4.1350722312927246e-07,-0.02357595320791006,-1.44358546163088e-18,-0.5,-0.5,0.5,0.5,0.5,0.11999999731779099],"33":[0.028899474069476128,-2.1671134474739752e-34,0.0,0.0,-6.123233995736766e-17,1.0,3.749399456654644e-33,0.5,0.11999999731779099],"34":[0.028899474069476128,-2.1671134474739752e-34,0.0,3.749399456654644e-33,1.0,1.2246467991473532e-16,2.2958450216584675e-49,0.5,0.11999999731779099],"35":[0.028899474069476128,1.2512837296241722e-18,-5.182986911871209e-19,8.338446200457231e-34,0.38268343236508967,0.9238795325112868,-2.3432602026631484e-17,0.5,0.11999999731779099],"36":[0.028899474069476128,1.2512837296241722e-18,-5.182986911871209e-19,-2.3432602026631484e-17,0.9238795325112868,-0.3826834323650896,-2.5015338601371694e-33,0.5,0.11999999731779099],"37":[0.028899474069476128,-1.2512837296241726e-18,-5.182986911871213e-19,2.3432602026631496e-17,0.9238795325112867,0.3826834323650899,2.50153386013717e-33,0.5,0.11999999731779099],"38":[0.028899474069476128,-1.2512837296241726e-18,-5.182986911871213e-19,-8.338446200457233e-34,-0.38268343236508984,0.9238795325112867,2.3432602026631496e-17,0.5,0.11999999731779099],"39":[-4.1350722312927246e-07,-0.02357595320791006,-1.44358546163088e-18,0.5,0.49999999999999994,0.5,0.5,0.5,0.11999999731779099],"4":[1.0207437491266467e-18,0.016671008780011484,0.0166704239924884,0.6532814824381883,-0.6532814824381883,-0.2705980500730986,-0.2705980500730985,0.5,0.11999999731779099],"40":[-8.839566614785329e-35,-0.02357595320791006,4.1350722312782885e-07,2.164890140588733e-17,-2.164890140588733e-17,0.7071067811865475,0.7071067811865476,0.5,0.11999999731779099],"41":[0.028899474069476128,1.7695824208112938e-18,-1.7695824208112934e-18,0.0,0.7071067811865475,0.7071067811865476,-4.329780281177466e-17,0.5,0.11999999731779099],"42":[0.028899474069476128,1.7695824208112938e-18,-1.7695824208112934e-18,-4.3297802811774664e-17,0.7071067811865477,-0.7071067811865474,-4.3578819960526224e-33,0.5,0.11999999731779099],"43":[-8.839566614785329e-35,-0.02357595320791006,4.1350722312782885e-07,0.7071067811865476,0.7071067811865475,6.494670421766199e-17,2.164890140588733e-17,0.5,0.11999999731779099],"44":[0.028899474069476128,-1.7695824208112938e-18,-1.7695824208112938e-18,0.0,0.7071067811865476,-0.7071067811865475,-4.329780281177466e-17,0.5,0.11999999731779099],"45":[0.028899474069476128,-1.7695824208112938e-18,-1.7695824208112938e-18,4.329780281177467e-17,0.7071067811865475,0.7071067811865476,4.357881996052623e-33,0.5,0.11999999731779099],"46":[0.028899474069476128,1.2512837296241728e-18,-3.020866150435466e-18,5.657130561438501e-17,-0.38268343236508995,0.9238795325112866,3.335378480182893e-33,0.5,0.11999999731779099],"47":[0.028899474069476128,1.2512837296241728e-18,-3.020866150435466e-18,0.0,0.9238795325112867,0.3826834323650899,-5.657130561438501e-17,0.5,0.11999999731779099],"48":[0.028899474069476128,-1.2512837296241722e-18,-3.020866150435466e-18,5.657130561438501e-17,0.3826834323650896,0.9238795325112868,3.3353784801828926e-33,0.5,0.11999999731779099],"49":[0.028899474069476128,-1.2512837296241722e-18,-3.020866150435466e-18,0.0,0.9238795325112867,-0.3826834323650898,-5.657130561438503e-17,0.5,0.11999999731779099],"5":[1.0207437491266467e-18,0.016671008780011484,0.0166704239924884,0.27059805007309845,0.2705980500730987,-0.6532814824381883,0.6532814824381883,0.5,0.11999999731779099],"50":[0.028899474069476128,0.0,-3.5391648416225875e-18,0.0,1.0,0.0,-6.123233995736766e-17,0.5,0.11999999731779099],"51":[0.028899474069476128,0.0,-3.5391648416225875e-18,6.123233995736766e-17,-6.123233995736766e-17,1.0,3.749399456654644e-33,0.5,0.11999999731779099],