{"0":[6.621703505501861e-07,-1.322571188211441e-05,0.02906885821372271,0.0,0.7071067811865475,0.0,0.7071067811865476,0.5,0.11999999731779099],"1":[6.621703505501861e-07,-1.322571188211441e-05,0.02906885821372271,0.7071067811865476,4.329780281177466e-17,-0.7071067811865475,4.329780281177466e-17,0.5,0.11999999731779099],"10":[-0.019043834730982784,-1.322571188211441e-05,-1.9089551642537117e-05,-0.7071067811865476,0.0,0.0,0.7071067811865475,0.5,0.11999999731779099],"11":[0.019045159071683887,-1.3225711882114788e-05,-1.9089551642537117e-05,0.0,0.0,1.0,6.123233995736766e-17,0.5,0.11999999731779099],"12":[0.019045159071683887,-1.3225711882114788e-05,-1.9089551642537117e-05,6.123233995736766e-17,1.0,6.123233995736766e-17,3.749399456654644e-33,0.5,0.11999999731779099],"13":[6.621703505504544e-07,-0.026910356096923355,-1.9089551642537117e-05,0.0,0.0,0.7071067811865475,0.7071067811865476,0.5,0.11999999731779099],"14":[6.621703505504544e-07,-0.026910356096923355,-1.9089551642537117e-05,0.5,0.5,0.5,0.5,0.5,0.11999999731779099],"15":[6.621703505504544e-07,0.026883904673159126,-1.9089551642537117e-05,0.0,0.0,-0.7071067811865475,0.7071067811865476,0.5,0.11999999731779099],"16":[6.621703505504544e-07,0.026883904673159126,-1.9089551642537117e-05,0.5,-0.5,-0.5,0.5,0.5,0.11999999731779099],"17":[0.019045159071683887,-1.3225711882114788e-05,-1.9089551642537117e-05,4.329780281177466e-17,0.7071067811865475,0.7071067811865476,4.329780281177466e-17,0.5,0.11999999731779099],"18":[6.621703505504544e-07,-0.026910356096923355,-1.9089551642537117e-05,0.7071067811865476,0.7071067811865475,4.329780281177466e-17,4.329780281177466e-17,0.5,0.11999999731779099],"19":[6.621703505504544e-07,-0.026910356096923355,-1.9089551642537117e-05,0.5,0.5000000000000001,-0.5,-0.5,0.5,0.11999999731779099],"2":[6.621703505501861e-07,-1.322571188211441e-05,0.02906885821372271,0.5,0.5,-0.5,0.5,0.5,0.11999999731779099],"3":[6.621703505501861e-07,-1.322571188211441e-05,0.02906885821372271,0.5,-0.5,-0.5000000000000001,-0.5,0.5,0.11999999731779099],"4":[6.621703505504544e-07,0.026883904673159126,-1.9089551642537117e-05,0.5,-0.5000000000000001,0.5,-0.5,0.5,0.11999999731779099],"5":[6.621703505504544e-07,0.026883904673159126,-1.9089551642537117e-05,0.7071067811865476,-0.7071067811865475,-4.329780281177466e-17,4.329780281177466e-17,0.5,0.11999999731779099],"6":[0.019045159071683887,-1.3225711882114788e-05,-1.9089551642537117e-05,4.329780281177467e-17,0.7071067811865476,-0.7071067811865475,-4.329780281177466e-17,0.5,0.11999999731779099],"7":[-0.019043834730982784,-1.322571188211441e-05,-1.9089551642537117e-05,0.0,0.0,0.0,1.0,0.5,0.11999999731779099],"8":[-0.019043834730982784,-1.322571188211441e-05,-1.9089551642537117e-05,1.0,0.0,0.0,6.123233995736766e-17,0.5,0.11999999731779099],"9":[-0.019043834730982784,-1.322571188211441e-05,-1.9089551642537117e-05,0.7071067811865475,0.0,0.0,0.7071067811865476,0.5,0.11999999731779099]}